{
    "car_ids": "Q3721",
    "rolls": -0.0036341310478746891,
    "pitchs": -0.0046978956088423729,
    "yaws": -0.00045346925617195666
}